<?xml version="1.0"?>
<!--
/**
* Magedelight
* Copyright (C) 2017 Magedelight <info@magedelight.com>
*
* @category Magedelight
* @package Magedelight_Megamenu
* @copyright Copyright (c) 2017 Mage Delight (http://www.magedelight.com/)
* @license http://opensource.org/licenses/gpl-3.0.html GNU General Public License,version 3 (GPL-3.0)
* @author Magedelight <info@magedelight.com>
*/
-->
<config xmlns:xsi="http://www.w3.org/2001/XMLSchema-instance" xsi:noNamespaceSchemaLocation="urn:magento:module:Magento_Backend:etc/menu.xsd">
    <menu>
        <!-- Old Menu -->
        <!--
        <add dependsOnConfig="magedelight/general/megamenu_status" id="Magedelight_Megamenu::menu"
             title="Mega Menu" translate="title"
             module="Magedelight_Megamenu" sortOrder="50" action="megamenu/menu"
             resource="Magedelight_Megamenu::menu" />
        <add dependsOnConfig="magedelight/general/megamenu_status" id="Magedelight_Megamenu::menus" title="Manage Menus" translate="title" module="Magedelight_Megamenu" sortOrder="10" parent="Magedelight_Megamenu::menu" action="megamenu/menu" resource="Magedelight_Megamenu::menus" />
        <add dependsOnConfig="magedelight/general/megamenu_status" id="Magedelight_Megamenu::import" title="Sample Import" translate="title" module="Magedelight_Megamenu" sortOrder="10" parent="Magedelight_Megamenu::menu" action="megamenu/sampleimport" resource="Magedelight_Megamenu::sampleimport" />
        <add dependsOnConfig="magedelight/general/megamenu_status" id="Magedelight_Megamenu::settings" title="Settings" translate="title" module="Magedelight_Megamenu" sortOrder="15" parent="Magedelight_Megamenu::menu" action="adminhtml/system_config/edit/section/magedelight/" resource="Magedelight_Megamenu::settings" />
        -->

        <add id="Magedelight_Megamenu::megamenu_root"
             title="Mega Menu"
             module="Magedelight_Megamenu"
             sortOrder="45"
             resource="Magedelight_Megamenu::root"
             toolTip="magedelight_base" />

        <add id="Magedelight_Megamenu::megamenu_root_commonlyvisible"
             title="Mega Menu"
             module="Magedelight_Megamenu"
             sortOrder="45"
             parent="Magedelight_Base::md_modules"
             resource="Magedelight_Megamenu::root" />

        <!-- Mega Menu Link -->
        <add id="Magedelight_Megamenu::menus"
             title="Manage Menus"
             translate="title"
             module="Magedelight_Megamenu"
             sortOrder="100"
             parent="Magedelight_Megamenu::megamenu_root"
             action="megamenu/menu"
             resource="Magedelight_Megamenu::menus" />

        <!-- Sample Import Link -->
        <add id="Magedelight_Megamenu::import"
             title="Sample Import"
             translate="title"
             module="Magedelight_Megamenu"
             sortOrder="110"
             parent="Magedelight_Megamenu::megamenu_root"
             action="megamenu/sampleimport"
             resource="Magedelight_Megamenu::sampleimport" />

        <!-- Configuration Link -->
        <add id="Magedelight_Megamenu::config_root"
             title="Configuration"
             translate="title"
             module="Magedelight_Megamenu"
             sortOrder="120"
             parent="Magedelight_Megamenu::megamenu_root"
             action="adminhtml/system_config/edit/section/magedelight/"
             resource="Magedelight_Megamenu::config_root" />

        <add id="Magedelight_Megamenu::useful_links"
            title="Useful Links"
            module="Magedelight_Megamenu"
            sortOrder="999"
            parent="Magedelight_Megamenu::megamenu_root"
            resource="Magedelight_Megamenu::root" />
        <add id="Magedelight_Megamenu::documentation"
            title="Documentation"
            module="Magedelight_Megamenu"
            sortOrder="10"
            target="_blank"
            parent="Magedelight_Megamenu::useful_links"
            resource="Magedelight_Megamenu::root" />


    </menu>
</config>