<?xml version="1.0"?>
<!--
/**
* Magedelight
* Copyright (C) 2017 Magedelight <info@magedelight.com>
*
* @category Magedelight
* @package Magedelight_Megamenu
* @copyright Copyright (c) 2017 Mage Delight (http://www.magedelight.com/)
* @license http://opensource.org/licenses/gpl-3.0.html GNU General Public License,version 3 (GPL-3.0)
* @author Magedelight <info@magedelight.com>
*/
-->
<config xmlns:xsi="http://www.w3.org/2001/XMLSchema-instance" xsi:noNamespaceSchemaLocation="urn:magento:module:Magento_Config:etc/system_file.xsd">
    <system>
        <section id="magedelight" translate="label" type="text" sortOrder="45" showInStore="1" showInDefault="1" showInWebsite="1">
           <class>md_section_megamenu</class>
            <label>Megamenu</label>
            <tab>magedelight</tab>
            <resource>Magedelight_Megamenu::config_root</resource>
            <group id="general" translate="label" type="text" sortOrder="1" showInDefault="1" showInStore="1" showInWebsite="1">
                <label>General Configuration</label>
                <field id="megamenu_status" translate="label" type="select" sortOrder="1" showInDefault="1" showInWebsite="1" showInStore="1" canRestore="0">
                    <label>Enable Megamenu</label>
                    <source_model>Magento\Config\Model\Config\Source\Yesno</source_model>
                </field>
                <field id="hamburger_menu" translate="label" type="select" sortOrder="1" showInDefault="1" showInWebsite="1" showInStore="1" canRestore="0">
                    <label>Enable Hamburger Menu For Categories</label>
                    <source_model>Magento\Config\Model\Config\Source\Yesno</source_model>
                </field>
                <field id="primary_menu" type="select" translate="label" sortOrder="2" showInDefault="1" showInStore="1" showInWebsite="1">
                    <label>Select Primary Menu</label>
                    <source_model>Magedelight\Megamenu\Model\Menu\Source\MenuList</source_model>
                </field>
                <field id="animation_time" translate="label" type="text" sortOrder="3" showInDefault="1" showInStore="1" showInWebsite="1">
                    <label>Animation Time</label>
                    <comment><![CDATA[Enter the default animation time in seconds.]]></comment>
                </field>
            </group>
            <group id="logs_settings" showInDefault="1" showInStore="0" showInWebsite="0" sortOrder="5" translate="label">
                <label>Logs Settings</label>
                <field id="enable_logs" showInDefault="1" showInStore="0" showInWebsite="0" sortOrder="10" translate="label" type="select">
                    <label>Enable Logs</label>
                    <comment>Logs are saved in var/log/md_megamenu.log</comment>
                    <source_model>Magento\Config\Model\Config\Source\Yesno</source_model>
                </field>
            </group>
        </section>
    </system>
</config>
