<?xml version="1.0"?>
<!--
/**
 * BSS Commerce Co.
 *
 * NOTICE OF LICENSE
 *
 * This source file is subject to the EULA
 * that is bundled with this package in the file LICENSE.txt.
 * It is also available through the world-wide-web at this URL:
 * http://bsscommerce.com/Bss-Commerce-License.txt
 *
 * @category   BSS
 * @package    Bss_Quickview
 * @author     Extension Team
 * @copyright  Copyright (c) 2019-2020 BSS Commerce Co. ( http://bsscommerce.com )
 * @license    http://bsscommerce.com/Bss-Commerce-License.txt
 */
-->
<config xmlns:xsi="http://www.w3.org/2001/XMLSchema-instance" xsi:noNamespaceSchemaLocation="urn:magento:framework:Module/etc/module.xsd">
    <module name="Bss_Quickview" setup_version="1.1.0" >
        <sequence>
            <module name="Magento_Catalog"/>
        </sequence>
        <sequence>
        	<module name="Magento_CatalogSearch"/>
		</sequence>
		<sequence>
        	<module name="Magento_Widget"/>
		</sequence>
    </module>
</config>
