<?xml version="1.0"?>
<!--
/**
* Magedelight
* Copyright (C) 2017 Magedelight <info@magedelight.com>
*
* @category Magedelight
* @package Magedelight_Megamenu
* @copyright Copyright (c) 2017 Mage Delight (http://www.magedelight.com/)
* @license http://opensource.org/licenses/gpl-3.0.html GNU General Public License,version 3 (GPL-3.0)
* @author Magedelight <info@magedelight.com>
*/
-->
<config xmlns:xsi="http://www.w3.org/2001/XMLSchema-instance" xsi:noNamespaceSchemaLocation="urn:magento:framework:ObjectManager/etc/config.xsd">
    <type name="Magento\Framework\View\Element\UiComponent\DataProvider\CollectionFactory">
        <arguments>
            <argument name="collections" xsi:type="array">
                <item name="megamenu_menu_listing_data_source" xsi:type="string">Magedelight\Megamenu\Model\ResourceModel\Menu\Grid\Collection</item>
            </argument>
        </arguments>
    </type>
    <type name="Magedelight\Megamenu\Model\ResourceModel\Menu\Grid\Collection">
        <arguments>
            <argument name="mainTable" xsi:type="string">megamenu_menus</argument>
            <argument name="eventPrefix" xsi:type="string">megamenu_menu_grid_collection</argument>
            <argument name="eventObject" xsi:type="string">menu_grid_collection</argument>
            <argument name="resourceModel" xsi:type="string">Magedelight\Megamenu\Model\ResourceModel\Menu</argument>
        </arguments>
    </type>
    
    <preference for="Magento\Theme\Block\Html\Topmenu" type="Magedelight\Megamenu\Block\Topmenu" />
    <preference for="Magedelight\Megamenu\Api\MegamenuManagementInterface" type="Magedelight\Megamenu\Model\MegamenuManagement" />
    <!--<type name="Magento\Theme\Block\Html\Topmenu">
        <plugin name="catalogTopmenu" disabled="true" />
        <plugin name="catalogTopmenuImage" type="Magedelight\Megamenu\Plugin\Block\Topmenu" />
     </type>-->
</config>