<?xml version="1.0"?>
<routes xmlns:xsi="http://www.w3.org/2001/XMLSchema-instance" xsi:noNamespaceSchemaLocation="urn:magento:module:Magento_Webapi:etc/webapi.xsd">
    <route url="/V1/md/primary-mega-menu" method="POST">
        <service class="Magedelight\Megamenu\Api\MegamenuManagementInterface" method="getMenuData"/>
        <resources>
            <resource ref="anonymous"/>
        </resources>
        <data>
            <parameter name="customerId" force="true">%customer_id%</parameter>
        </data>
    </route>
    <route url="/V1/md/mega-menu" method="POST">
        <service class="Magedelight\Megamenu\Api\MegamenuManagementInterface" method="getMenuDataById"/>
        <resources>
            <resource ref="anonymous"/>
        </resources>
        <data>
            <parameter name="customerId" force="true">%customer_id%</parameter>
        </data>
    </route>
</routes>