<?xml version="1.0"?>
<!-- 
/**
 * @category Mageants AdvanceReview
 * @package Mageants_AdvanceReview
 * @copyright Copyright (c) 2018 Mageants
 * @author Mageants Team <support@mageants.com>
 */
 -->
<config xmlns:xsi="http://www.w3.org/2001/XMLSchema-instance" xsi:noNamespaceSchemaLocation="urn:magento:framework:Acl/etc/acl.xsd">
    <acl>
        <resources>
            <resource id="Magento_Backend::admin">
                <resource id="Magento_Backend::stores">
                    <resource id="Magento_Backend::stores_settings">
                        <resource id="Magento_Config::config">
                            <resource id="Mageants_AdvanceReview::config_advancereview" title="Mageants AdvanceReview"/>
                        </resource>
                    </resource>
                </resource>
            </resource>
        </resources>
    </acl>
</config>