<root><menus><item><menu_id>19</menu_id><menu_name>Horizontal Menu</menu_name><menu_design_type>horizontal</menu_design_type><menu_style><![CDATA[]]></menu_style><is_active>1</is_active><menu_type>2</menu_type><customer_groups>0,1,2,3</customer_groups></item><item><menu_id>20</menu_id><menu_name>Vertical Left Menu</menu_name><menu_design_type>vertical-left</menu_design_type><menu_style><![CDATA[]]></menu_style><is_active>1</is_active><menu_type>2</menu_type><customer_groups>0,1,2,3</customer_groups></item><item><menu_id>21</menu_id><menu_name>Vertical Right Menu</menu_name><menu_design_type>vertical-right</menu_design_type><menu_style><![CDATA[]]></menu_style><is_active>1</is_active><menu_type>2</menu_type><customer_groups>0,1,2,3</customer_groups></item><item><menu_id>22</menu_id><menu_name>Drill Down Menu</menu_name><menu_design_type>drillDown</menu_design_type><menu_style><![CDATA[]]></menu_style><is_active>1</is_active><menu_type>2</menu_type><customer_groups>0,1,2,3</customer_groups></item></menus><menu_items><item><item_name>Home Page</item_name><item_type>pages</item_type><sort_order>1</sort_order><item_parent_id>0</item_parent_id><menu_id>19</menu_id><object_id>2</object_id><item_link></item_link><item_columns></item_columns><item_font_icon><![CDATA[<i class='fa fa-home' aria-hidden='true'></i>]]></item_font_icon><item_class>home</item_class><animation_option></animation_option></item><item><item_name>Electronics</item_name><item_type>megamenu</item_type><sort_order>2</sort_order><item_parent_id>0</item_parent_id><menu_id>19</menu_id><object_id>0</object_id><item_link></item_link><item_columns>[{"type":"block","value":"menudemo-electronics-menu-box","showtitle":"0"}]</item_columns><item_font_icon><![CDATA[<i class='fa fa-desktop' aria-hidden='true'></i>]]></item_font_icon><item_class>three-col-small-banner</item_class><animation_option>bounceIn</animation_option></item><item><item_name>What's New</item_name><item_type>megamenu</item_type><sort_order>3</sort_order><item_parent_id>0</item_parent_id><menu_id>19</menu_id><object_id>0</object_id><item_link></item_link><item_columns>[{"type":"block","value":"menudemo-whats-new-menu03","showtitle":"0"},{"type":"block","value":"menudemo-whats-new-menu02","showtitle":"0"},{"type":"block","value":"menudemo-whats-new-menu03","showtitle":"0"},{"type":"block","value":"menudemo-1-column-3-products","showtitle":"0"}]</item_columns><item_font_icon><![CDATA[<i class='fa icon-shopping-basket' aria-hidden='true'></i>]]></item_font_icon><item_class>four-col-prod</item_class><animation_option>bounceIn</animation_option></item><item><item_name>Women</item_name><item_type>megamenu</item_type><sort_order>4</sort_order><item_parent_id>0</item_parent_id><menu_id>19</menu_id><object_id>0</object_id><item_link></item_link><item_columns>[{"type":"block","value":"menudemo-gear-left-menu-block","showtitle":"1"},{"type":"block","value":"menudemo-gear-left-menu-block","showtitle":"1"},{"type":"block","value":"menudemo-gear-left-menu-block","showtitle":"1"},{"type":"block","value":"menudemo-1column1product","showtitle":"1"}]</item_columns><item_font_icon><![CDATA[<i class='fa icon-women' aria-hidden='true'></i>]]></item_font_icon><item_class>four-col</item_class><animation_option>bounceIn</animation_option></item><item><item_name>Men</item_name><item_type>megamenu</item_type><sort_order>5</sort_order><item_parent_id>0</item_parent_id><menu_id>19</menu_id><object_id>0</object_id><item_link></item_link><item_columns>[{"type":"block","value":"footer_links_block","showtitle":"1"},{"type":"block","value":"footer_links_block","showtitle":"1"},{"type":"block","value":"footer_links_block","showtitle":"1"},{"type":"block","value":"footer_links_block","showtitle":"1"},{"type":"block","value":"footer_links_block","showtitle":"1"}]</item_columns><item_font_icon><![CDATA[<i class='fa icon-men' aria-hidden='true'></i>]]></item_font_icon><item_class>five-col</item_class><animation_option>bounceIn</animation_option></item><item><item_name>Bags</item_name><item_type>megamenu</item_type><sort_order>6</sort_order><item_parent_id>0</item_parent_id><menu_id>19</menu_id><object_id>0</object_id><item_link></item_link><item_columns>[{"type":"block","value":"menudemo-1-column-6-products","showtitle":"1"}]</item_columns><item_font_icon><![CDATA[<i class='fa icon-briefcase' aria-hidden='true'></i>]]></item_font_icon><item_class>one-col-prod</item_class><animation_option>bounceIn</animation_option></item><item><item_name>Furniture</item_name><item_type>megamenu</item_type><sort_order>7</sort_order><item_parent_id>0</item_parent_id><menu_id>19</menu_id><object_id>0</object_id><item_link></item_link><item_columns>[{"type":"block","value":"menudemo-furniture-block-links","showtitle":"0"}]</item_columns><item_font_icon><![CDATA[<i class='fa icon-office-chair' aria-hidden='true'></i>]]></item_font_icon><item_class>single-links-block</item_class><animation_option>bounceIn</animation_option></item><item><item_name>Videos</item_name><item_type>megamenu</item_type><sort_order>8</sort_order><item_parent_id>0</item_parent_id><menu_id>19</menu_id><object_id>0</object_id><item_link></item_link><item_columns>[{"type":"block","value":"menudemo-hot-videos","showtitle":"0"}]</item_columns><item_font_icon><![CDATA[<i class='fa icon-play-button' aria-hidden='true'></i>]]></item_font_icon><item_class>one-col-full-video</item_class><animation_option>bounceIn</animation_option></item><item><item_name>Electronics</item_name><item_type>megamenu</item_type><sort_order>1</sort_order><item_parent_id>0</item_parent_id><menu_id>20</menu_id><object_id>0</object_id><item_link></item_link><item_columns>[{"type":"block","value":"menudemo-electronics-menu-box","showtitle":"0"}]</item_columns><item_font_icon><![CDATA[<i class='fa fa-desktop' aria-hidden='true'></i>]]></item_font_icon><item_class>three-col-small-banner</item_class><animation_option>fadeIn</animation_option></item><item><item_name>What's New</item_name><item_type>megamenu</item_type><sort_order>2</sort_order><item_parent_id>0</item_parent_id><menu_id>20</menu_id><object_id>0</object_id><item_link></item_link><item_columns>[{"type":"block","value":"menudemo-whats-new-menu03","showtitle":"0"},{"type":"block","value":"menudemo-whats-new-menu02","showtitle":"0"},{"type":"block","value":"menudemo-whats-new-menu03","showtitle":"0"},{"type":"block","value":"menudemo-1-column-3-products","showtitle":"0"}]</item_columns><item_font_icon><![CDATA[<i class='fa icon-shopping-basket' aria-hidden='true'></i>]]></item_font_icon><item_class>four-col-prod</item_class><animation_option>fadeIn</animation_option></item><item><item_name>Women</item_name><item_type>megamenu</item_type><sort_order>3</sort_order><item_parent_id>0</item_parent_id><menu_id>20</menu_id><object_id>0</object_id><item_link></item_link><item_columns>[{"type":"block","value":"menudemo-gear-left-menu-block","showtitle":"1"},{"type":"block","value":"menudemo-gear-left-menu-block","showtitle":"1"},{"type":"block","value":"menudemo-gear-left-menu-block","showtitle":"1"},{"type":"block","value":"menudemo-1column1product","showtitle":"1"}]</item_columns><item_font_icon><![CDATA[<i class='fa icon-women' aria-hidden='true'></i>]]></item_font_icon><item_class>four-col</item_class><animation_option>fadeIn</animation_option></item><item><item_name>Men</item_name><item_type>megamenu</item_type><sort_order>4</sort_order><item_parent_id>0</item_parent_id><menu_id>20</menu_id><object_id>0</object_id><item_link></item_link><item_columns>[{"type":"block","value":"footer_links_block","showtitle":"1"},{"type":"block","value":"footer_links_block","showtitle":"1"},{"type":"block","value":"footer_links_block","showtitle":"1"},{"type":"block","value":"footer_links_block","showtitle":"1"},{"type":"block","value":"footer_links_block","showtitle":"1"}]</item_columns><item_font_icon><![CDATA[<i class='fa icon-men' aria-hidden='true'></i>]]></item_font_icon><item_class>five-col</item_class><animation_option>fadeIn</animation_option></item><item><item_name>Bags</item_name><item_type>megamenu</item_type><sort_order>5</sort_order><item_parent_id>0</item_parent_id><menu_id>20</menu_id><object_id>0</object_id><item_link></item_link><item_columns>[{"type":"block","value":"menudemo-1-column-6-products","showtitle":"1"}]</item_columns><item_font_icon><![CDATA[<i class='fa icon-briefcase' aria-hidden='true'></i>]]></item_font_icon><item_class>one-col-prod</item_class><animation_option>fadeIn</animation_option></item><item><item_name>Furniture</item_name><item_type>megamenu</item_type><sort_order>6</sort_order><item_parent_id>0</item_parent_id><menu_id>20</menu_id><object_id>0</object_id><item_link></item_link><item_columns>[{"type":"block","value":"menudemo-furniture-block-links","showtitle":"0"}]</item_columns><item_font_icon><![CDATA[<i class='fa icon-office-chair' aria-hidden='true'></i>]]></item_font_icon><item_class>single-links-block</item_class><animation_option>fadeIn</animation_option></item><item><item_name>Videos</item_name><item_type>megamenu</item_type><sort_order>7</sort_order><item_parent_id>0</item_parent_id><menu_id>20</menu_id><object_id>0</object_id><item_link></item_link><item_columns>[{"type":"block","value":"menudemo-hot-videos","showtitle":"0"}]</item_columns><item_font_icon><![CDATA[<i class='fa icon-play-button' aria-hidden='true'></i>]]></item_font_icon><item_class>one-col-full-video</item_class><animation_option>fadeIn</animation_option></item><item><item_name>Electronics</item_name><item_type>megamenu</item_type><sort_order>1</sort_order><item_parent_id>0</item_parent_id><menu_id>21</menu_id><object_id>0</object_id><item_link></item_link><item_columns>[{"type":"block","value":"menudemo-electronics-menu-box","showtitle":"0"}]</item_columns><item_font_icon><![CDATA[<i class='fa fa-desktop' aria-hidden='true'></i>]]></item_font_icon><item_class>three-col-small-banner</item_class><animation_option>zoomIn</animation_option></item><item><item_name>What's New</item_name><item_type>megamenu</item_type><sort_order>2</sort_order><item_parent_id>0</item_parent_id><menu_id>21</menu_id><object_id>0</object_id><item_link></item_link><item_columns>[{"type":"block","value":"menudemo-whats-new-menu03","showtitle":"0"},{"type":"block","value":"menudemo-whats-new-menu02","showtitle":"0"},{"type":"block","value":"menudemo-whats-new-menu03","showtitle":"0"},{"type":"block","value":"menudemo-1-column-3-products","showtitle":"0"}]</item_columns><item_font_icon><![CDATA[<i class='fa icon-shopping-basket' aria-hidden='true'></i>]]></item_font_icon><item_class>four-col-prod</item_class><animation_option>zoomIn</animation_option></item><item><item_name>Women</item_name><item_type>megamenu</item_type><sort_order>3</sort_order><item_parent_id>0</item_parent_id><menu_id>21</menu_id><object_id>0</object_id><item_link></item_link><item_columns>[{"type":"block","value":"menudemo-gear-left-menu-block","showtitle":"1"},{"type":"block","value":"menudemo-gear-left-menu-block","showtitle":"1"},{"type":"block","value":"menudemo-gear-left-menu-block","showtitle":"1"},{"type":"block","value":"menudemo-1column1product","showtitle":"1"}]</item_columns><item_font_icon><![CDATA[<i class='fa icon-women' aria-hidden='true'></i>]]></item_font_icon><item_class>four-col</item_class><animation_option>zoomIn</animation_option></item><item><item_name>Men</item_name><item_type>megamenu</item_type><sort_order>4</sort_order><item_parent_id>0</item_parent_id><menu_id>21</menu_id><object_id>0</object_id><item_link></item_link><item_columns>[{"type":"block","value":"footer_links_block","showtitle":"1"},{"type":"block","value":"footer_links_block","showtitle":"1"},{"type":"block","value":"footer_links_block","showtitle":"1"},{"type":"block","value":"footer_links_block","showtitle":"1"},{"type":"block","value":"footer_links_block","showtitle":"1"}]</item_columns><item_font_icon><![CDATA[<i class='fa icon-men' aria-hidden='true'></i>]]></item_font_icon><item_class>five-col</item_class><animation_option>zoomIn</animation_option></item><item><item_name>Bags</item_name><item_type>megamenu</item_type><sort_order>5</sort_order><item_parent_id>0</item_parent_id><menu_id>21</menu_id><object_id>0</object_id><item_link></item_link><item_columns>[{"type":"block","value":"menudemo-1-column-6-products","showtitle":"1"}]</item_columns><item_font_icon><![CDATA[<i class='fa icon-briefcase' aria-hidden='true'></i>]]></item_font_icon><item_class>one-col-prod</item_class><animation_option>zoomIn</animation_option></item><item><item_name>Furniture</item_name><item_type>megamenu</item_type><sort_order>6</sort_order><item_parent_id>0</item_parent_id><menu_id>21</menu_id><object_id>0</object_id><item_link></item_link><item_columns>[{"type":"block","value":"menudemo-furniture-block-links","showtitle":"0"}]</item_columns><item_font_icon><![CDATA[<i class='fa icon-office-chair' aria-hidden='true'></i>]]></item_font_icon><item_class>single-links-block</item_class><animation_option>zoomIn</animation_option></item><item><item_name>Videos</item_name><item_type>megamenu</item_type><sort_order>7</sort_order><item_parent_id>0</item_parent_id><menu_id>21</menu_id><object_id>0</object_id><item_link></item_link><item_columns>[{"type":"block","value":"menudemo-hot-videos","showtitle":"0"}]</item_columns><item_font_icon><![CDATA[<i class='fa icon-play-button' aria-hidden='true'></i>]]></item_font_icon><item_class>one-col-full-video</item_class><animation_option>zoomIn</animation_option></item><item><item_name>Electronics</item_name><item_type>megamenu</item_type><sort_order>1</sort_order><item_parent_id>0</item_parent_id><menu_id>22</menu_id><object_id>0</object_id><item_link></item_link><item_columns>[{"type":"block","value":"menudemo-electronics-menu-box","showtitle":"0"}]</item_columns><item_font_icon><![CDATA[<i class='fa fa-desktop' aria-hidden='true'></i>]]></item_font_icon><item_class>three-col-small-banner</item_class><animation_option>bounceIn</animation_option></item><item><item_name>What's New</item_name><item_type>megamenu</item_type><sort_order>2</sort_order><item_parent_id>0</item_parent_id><menu_id>22</menu_id><object_id>0</object_id><item_link></item_link><item_columns>[{"type":"block","value":"menudemo-whats-new-menu03","showtitle":"0"},{"type":"block","value":"menudemo-whats-new-menu02","showtitle":"0"},{"type":"block","value":"menudemo-whats-new-menu03","showtitle":"0"},{"type":"block","value":"menudemo-1-column-3-products","showtitle":"0"}]</item_columns><item_font_icon><![CDATA[<i class='fa icon-shopping-basket' aria-hidden='true'></i>]]></item_font_icon><item_class>four-col-prod</item_class><animation_option>bounceIn</animation_option></item><item><item_name>Women</item_name><item_type>megamenu</item_type><sort_order>3</sort_order><item_parent_id>0</item_parent_id><menu_id>22</menu_id><object_id>0</object_id><item_link></item_link><item_columns>[{"type":"block","value":"menudemo-gear-left-menu-block","showtitle":"1"},{"type":"block","value":"menudemo-gear-left-menu-block","showtitle":"1"},{"type":"block","value":"menudemo-gear-left-menu-block","showtitle":"1"},{"type":"block","value":"menudemo-1column1product","showtitle":"1"}]</item_columns><item_font_icon><![CDATA[<i class='fa icon-women' aria-hidden='true'></i>]]></item_font_icon><item_class>four-col</item_class><animation_option>bounceIn</animation_option></item><item><item_name>Men</item_name><item_type>megamenu</item_type><sort_order>4</sort_order><item_parent_id>0</item_parent_id><menu_id>22</menu_id><object_id>0</object_id><item_link></item_link><item_columns>[{"type":"block","value":"footer_links_block","showtitle":"1"},{"type":"block","value":"footer_links_block","showtitle":"1"},{"type":"block","value":"footer_links_block","showtitle":"1"},{"type":"block","value":"footer_links_block","showtitle":"1"},{"type":"block","value":"footer_links_block","showtitle":"1"}]</item_columns><item_font_icon><![CDATA[<i class='fa icon-men' aria-hidden='true'></i>]]></item_font_icon><item_class>five-col</item_class><animation_option>bounceIn</animation_option></item><item><item_name>Bags</item_name><item_type>megamenu</item_type><sort_order>5</sort_order><item_parent_id>0</item_parent_id><menu_id>22</menu_id><object_id>0</object_id><item_link></item_link><item_columns>[{"type":"block","value":"menudemo-1-column-6-products","showtitle":"1"}]</item_columns><item_font_icon><![CDATA[<i class='fa icon-briefcase' aria-hidden='true'></i>]]></item_font_icon><item_class>one-col-prod</item_class><animation_option>bounceIn</animation_option></item><item><item_name>Furniture</item_name><item_type>megamenu</item_type><sort_order>6</sort_order><item_parent_id>0</item_parent_id><menu_id>22</menu_id><object_id>0</object_id><item_link></item_link><item_columns>[{"type":"block","value":"menudemo-furniture-block-links","showtitle":"0"}]</item_columns><item_font_icon><![CDATA[<i class='fa icon-office-chair' aria-hidden='true'></i>]]></item_font_icon><item_class>single-links-block</item_class><animation_option>bounceIn</animation_option></item><item><item_name>Videos</item_name><item_type>megamenu</item_type><sort_order>7</sort_order><item_parent_id>0</item_parent_id><menu_id>22</menu_id><object_id>0</object_id><item_link></item_link><item_columns>[{"type":"block","value":"menudemo-hot-videos","showtitle":"0"}]</item_columns><item_font_icon><![CDATA[<i class='fa icon-play-button' aria-hidden='true'></i>]]></item_font_icon><item_class>one-col-full-video</item_class><animation_option>bounceIn</animation_option></item></menu_items><blocks><item><title>Electronics Menu Box</title><identifier>menudemo-electronics-menu-box</identifier><content><![CDATA[<div class="electronics-menu-box">
<div class="electronics-menu-box01">
<h4>Mobile</h4>
<ul>
<li><a title="apple" href="#">apple</a></li>
<li><a title="samsung" href="#">samsung</a></li>
<li><a title="motorola" href="#">motorola</a></li>
</ul>
</div>
<div class="electronics-menu-box02">
<h4>Laptop</h4>
<ul>
<li><a title="acer" href="#">acer</a></li>
<li><a title="dell" href="#">dell</a></li>
<li><a title="lenevo" href="#">lenevo</a></li>
</ul>
</div>
<div class="electronics-menu-box03">
<h4>Accessories</h4>
<ul>
<li><a title="Potlis &amp; pouches" href="#">Potlis &amp; pouches</a></li>
<li><a title="Utility bags" href="#">Utility bags</a></li>
<li><a title="Shopper Bags" href="#">Shopper Bags</a></li>
<li><a title="Sling Bags" href="#">Sling Bags</a></li>
</ul>
</div>
<div class="electronics-menu-box04"><img src="{{view url="Magedelight_Megamenu/images/48-0_thumb.jpg"}}" alt="" /></div>
</div>]]></content><is_active>1</is_active></item><item><title>Whats New Menu03</title><identifier>menudemo-whats-new-menu03</identifier><content><![CDATA[<h4>Beauty</h4>
<p><img src="{{view url="Magedelight_Megamenu/images/accessories-img.jpg"}}" width="237" height="100" /></p>
<ul>
<li><a title="Make up" href="#">Make up</a></li>
<li><a title="Powder" href="#">Powder</a></li>
<li><a title="Skin care" href="#">Skin care</a></li>
<li><a title="Lipstick" href="#">Lipstick</a></li>
<li><a title="Foundation" href="#">Foundation</a></li>
<li><a title="Eyeshadow" href="#">Eyeshadow</a></li>
<li><a title="Masscara" href="#">Masscara</a></li>
<li><a title="Fragrance" href="#">Fragrance</a></li>
<li><a title="Cream" href="#">Cream</a></li>
</ul>]]></content><is_active>1</is_active></item><item><title>Whats New Menu02</title><identifier>menudemo-whats-new-menu02</identifier><content><![CDATA[<h4>Accessories</h4>
<p><img src="{{view url="Magedelight_Megamenu/images/beauty-img.jpg"}}" width="237" height="100" /></p>
<ul>
<li><a title="All Accessories" href="#">All Accessories</a></li>
<li><a title="Shoes &amp; Boots" href="#">Shoes &amp; Boots</a></li>
<li><a title="Bags &amp; Purses" href="#">Bags &amp; Purses</a></li>
<li><a title="Watches &amp; jewellry" href="#">Watches &amp; jewellry</a></li>
<li><a title="Perfume &amp; Beauty" href="#">Perfume &amp; Beauty</a></li>
<li><a title="Hats" href="#">Hats</a></li>
<li><a title="Jewerry" href="#">Jewerry</a></li>
<li><a title="Sunglasses" href="#">Sunglasses</a></li>
<li><a title="new trends" href="#">new trends</a></li>
</ul>]]></content><is_active>1</is_active></item><item><title>1 column 3 products</title><identifier>menudemo-1-column-3-products</identifier><content><![CDATA[<div class="product-column-count3">
<h4>Hot Product</h4>
{{widget type="Magento\CatalogWidget\Block\Product\ProductsList" products_count="3" template="product/widget/content/grid.phtml" conditions_encoded="a:1:[i:1;a:4:[s:4:`type`;s:50:`Magento|CatalogWidget|Model|Rule|Condition|Combine`;s:10:`aggregator`;s:3:`all`;s:5:`value`;s:1:`1`;s:9:`new_child`;s:0:``;]]"}}</div>]]></content><is_active>1</is_active></item><item><title>Gear Left Menu Block</title><identifier>menudemo-gear-left-menu-block</identifier><content><![CDATA[<div class="categories-menu"><strong class="title"><span></span></strong>
<ul class="items">
    <li class="item"><a href="{{store url=""}}gear/bags.html">Bags</a></li>
    <li class="item"><a href="{{store url=""}}gear/fitness-equipment.html">Fitness Equipment</a></li>
    <li class="item"><a href="{{store url=""}}gear/watches.html">Watches</a></li>
</ul>
</div>]]></content><is_active>1</is_active></item><item><title>Product Menu Image</title><identifier>menudemo-1column1product</identifier><content><![CDATA[<div class="right-side-img"><img src="{{view url="Magedelight_Megamenu/images/home-erin.jpg"}}" width="426" height="372" /></div>]]></content><is_active>1</is_active></item><item><title>Footer Links Block</title><identifier>footer_links_block</identifier><content><![CDATA[<ul class="footer links">
    <li class="nav item"><a href="{{store url="about-us"}}">About us</a></li>
    <li class="nav item"><a href="{{store url="customer-service"}}">Customer Service</a></li>
</ul>
]]></content><is_active>1</is_active></item><item><title>1 column 5 products</title><identifier>menudemo-1-column-6-products</identifier><content><![CDATA[<p>{{widget type="Magento\CatalogWidget\Block\Product\ProductsList" products_count="5" template="product/widget/content/grid.phtml" conditions_encoded="a:1:[i:1;a:4:[s:4:`type`;s:50:`Magento|CatalogWidget|Model|Rule|Condition|Combine`;s:10:`aggregator`;s:3:`all`;s:5:`value`;s:1:`1`;s:9:`new_child`;s:0:``;]]"}}</p>]]></content><is_active>1</is_active></item><item><title>Furniture Block Links</title><identifier>menudemo-furniture-block-links</identifier><content><![CDATA[<ul>
<li><a href="#">Living Room</a></li>
<li><a href="#">Seating</a></li>
<li><a href="#">Sofas</a></li>
<li><a href="#">Recliners</a></li>
<li><a href="#">Sofa Cum Beds</a></li>
<li><a href="#">Futons</a></li>
<li><a href="#">Wing Chairs</a></li>
<li><a href="#">Accent Chairs</a></li>
<li><a href="#">Rocking Chairs</a></li>
<li><a href="#">Benches</a></li>
<li><a href="#">Pouffes</a></li>
<li><a href="#">Settees</a></li>
<li><a href="#">Stools</a></li>
<li><a href="#">Bean Bags</a></li>
</ul>]]></content><is_active>1</is_active></item><item><title>Hot Videos</title><identifier>menudemo-hot-videos</identifier><content><![CDATA[<p><iframe width="1000" height="500" src="https://www.youtube.com/embed/uffCLtfzsJw" allowfullscreen></iframe></p>
]]></content><is_active>1</is_active></item></blocks></root>