<?xml version="1.0"?>
<!--
/**
 * Mageplaza
 *
 * NOTICE OF LICENSE
 *
 * This source file is subject to the Mageplaza.com license that is
 * available through the world-wide-web at this URL:
 * https://www.mageplaza.com/LICENSE.txt
 *
 * DISCLAIMER
 *
 * Do not edit or add to this file if you wish to upgrade this extension to newer
 * version in the future.
 *
 * @category    Mageplaza
 * @package     Mageplaza_Barcode
 * @copyright   Copyright (c) Mageplaza (https://www.mageplaza.com/)
 * @license     https://www.mageplaza.com/LICENSE.txt
 */
-->
<config xmlns:xsi="http://www.w3.org/2001/XMLSchema-instance" xsi:noNamespaceSchemaLocation="urn:magento:framework:ObjectManager/etc/config.xsd">
    <type name="Magento\Catalog\Ui\Component\Product\MassAction">
        <plugin name="mp-barcode-product-massAction" type="Mageplaza\Barcode\Plugin\Component\NewMassAction"/>
    </type>
    <type name="Magento\Ui\Component\MassAction">
        <plugin name="mp-barcode-product-massAction" type="Mageplaza\Barcode\Plugin\Component\OldMassAction"/>
    </type>
    <type name="Magento\Catalog\Ui\DataProvider\Product\Form\ProductDataProvider">
        <plugin name="mp-barcode-product-data-provider" type="Mageplaza\Barcode\Plugin\Product\BarcodeAttribute"/>
    </type>
</config>